rank,uid,username,type
1,5729200,畏光゛,舰长
2,3493294526958393,萝宝宝の月月,舰长
3,11965818,转生成为超美味走地鸡,舰长
4,9189063,缺德金毛,舰长
5,519274401,CL_LuckyE,舰长
6,34157994,爱学习的萌新白面包,舰长
7,367346953,洛天启I黑星,舰长
8,424384495,傲罗の假期,舰长
9,36132907,猫鳄霸,舰长
10,60461156,-我-永远喜欢爱莉希雅,舰长
11,437490940,养马糕手-,舰长
12,484156,欧卡尼亚,舰长
13,573508245,鸢桦aky,舰长
14,189598054,i珂i,舰长
15,368890986,青柠绝配鱼香肉丝,舰长
16,264489711,北极星夜,舰长
17,509846987,枫浅沐熙,舰长
18,32957306,monky_kon,舰长
19,106797737,yameito,舰长
20,123729248,天麟夜宇,舰长
21,3546393505433751,爱情是糖捏,舰长
22,650902976,星辰落缨,舰长
23,363857729,玉咩咩碳,舰长
24,591355861,小小空洞骑士,舰长
25,234314275,半月秋风半月寒,舰长
26,3546669796821037,何处梦清秋,舰长
27,11398089,一里Bocchi酱,舰长
28,347897700,水晶冥,舰长
29,528746345,k4ksaw,舰长
30,307465570,z花与时光同眠,舰长
31,1777382674,泠爱云,舰长
32,511106780,璃悠冰馨雅,舰长
33,39820524,牵丝喵neco,舰长
34,3493142441495255,maple_落江枫,舰长
35,672586551,苏子新卍,舰长
36,620493,面包の炼奶,舰长
37,364881393,千里星辰,舰长
38,327105404,木呆的猫小白,舰长
39,294175613,晚安娅娅,舰长
40,1403080877,荔枝_pileot,舰长
41,46876,小布,舰长
42,107442026,--shuo--,舰长